Tên sản phẩm,Giá,Trạng thái,Ngày
Màn hình Samsung Gaming Odyssey G5 LC34G55TWWEXXV 34 inch,7590000,Còn hàng,2024-10-03 02:51:17
Màn hình Gaming ViewSonic VX2479 HD PRO 180HZ 24 inch,2890000,Còn hàng,2024-10-03 02:51:17
Màn hình LG 27UP850N 27 inch,7990000,Còn hàng,2024-10-03 02:51:17
Màn hình MSI MP253 25 inch,2290000,Còn hàng,2024-10-03 02:51:17
Màn hình Gaming LG UltraGear 24GS50F-B 24 inch,2890000,Còn hàng,2024-10-03 02:51:17
Màn hình Acer EK251Q 25 inch,2190000,Còn hàng,2024-10-03 02:51:17
Màn hình Gaming ViewSonic VX2758A-2K-PRO-2 27 inch,5490000,Còn hàng,2024-10-03 02:51:17
Màn hình Acer EK221Q E3 22 inch,1790000,Còn hàng,2024-10-03 02:51:17
Màn hình cong Gaming Philips Momentum 325M2CRZ 32 inch,5490000,Còn hàng,2024-10-03 02:51:17
Màn hình MSI Pro MP225 22 inch,1690000,Còn hàng,2024-10-03 02:51:17
Màn hình Monitor Xiaomi 27 inch A27i ELA5345EU,2490000,Còn hàng,2024-10-03 02:51:17
Màn hình MSI Pro MP245V 23.8 inch,1990000,Còn hàng,2024-10-03 02:51:17
Màn hình LG UltraWide 29WQ600 29 inch,4790000,Còn hàng,2024-10-03 02:51:17
Màn hình Gaming ASUS TUF VG249Q3A 24 inch,3190000,Còn hàng,2024-10-03 02:51:17
Màn hình Dahua LM22-A200Y 22 inch,1390000,Còn hàng,2024-10-03 02:51:17
Màn hình Samsung LS24C330GAEXXV 24 inch,2290000,Còn hàng,2024-10-03 02:51:17
Màn hình Dell UltraSharp U2723QE 27 inch,12390000,Còn hàng,2024-10-03 02:51:17
Màn hình Gaming E-DRA EGM27F100 27 inch,2290000,Còn hàng,2024-10-03 02:51:17
Màn hình LG 27 inch 27UP600,5950000,Còn hàng,2024-10-03 02:51:17
Màn hình di động MSI Pro MP161 E2 15.6 inch,3490000,Còn hàng,2024-10-03 02:51:17
Màn hình Samsung LS27C330GAEXXV 27 inch,2790000,Còn hàng,2024-10-03 02:51:17
Màn hình Dell S2421HN 24 inch,3090000,Còn hàng,2024-10-03 02:51:17
Giá treo màn hình máy tính North Bayou P80 (17 - 30 inch),350000,Còn hàng,2024-10-03 02:51:17
Màn hình Gaming E-Dra EGM25F100 25 inch,1990000,Còn hàng,2024-10-03 02:51:17
Màn hình Gaming LG UltraGear 24GN65R 24 inch,3349000,Còn hàng,2024-10-03 02:51:17
Màn hình di động Asus ZenScreen MB166CR 15.6 inch,3690000,Còn hàng,2024-10-03 02:51:17
Màn hình Gaming E-Dra EGM22F75P 22 inch,1590000,Còn hàng,2024-10-03 02:51:17
Màn hình LG 24QP500 24 inch,3890000,Còn hàng,2024-10-03 02:51:17
Màn hình Samsung LS34C500GAEXXV 34 inch,6390000,Còn hàng,2024-10-03 02:51:17
Màn hình Samsung LS24R350FZEXXV 23.8,2290000,Còn hàng,2024-10-03 02:51:17
Màn hình Gaming Xiaomi 27 inch G27I ELA5375EU,3190000,Còn hàng,2024-10-03 02:51:17
Màn hình Dell 23.8 inch P2422H,4490000,Còn hàng,2024-10-03 02:51:17
Màn hình MSI MP251 E2 25 inch 120Hz,2490000,Còn hàng,2024-10-03 02:51:17
Màn hình đồ họa ASUS ProArt PA248QV 24.1 inch,4990000,Còn hàng,2024-10-03 02:51:17
Màn hình cong Gaming Xiaomi G34I,6990000,Còn hàng,2024-10-03 02:51:17
Màn hình ViewSonic VA2215-H 100Hz 22 inch,1590000,Còn hàng,2024-10-03 02:51:17
Màn hình văn phòng LG 27MR400-B 27 inch,2690000,Còn hàng,2024-10-03 02:51:17
Màn hình Gaming LG UltraGear 27GR75Q 27 inch,5990000,Còn hàng,2024-10-03 02:51:17
Màn hình Gaming ASUS VY249HF-R 24 inch,2390000,Còn hàng,2024-10-03 02:51:17
Màn hình Samsung Viewfinity S8 UHD LS27B800PXEXXV 27 inch,7090000,Còn hàng,2024-10-03 02:51:17
Màn hình MSI Pro MP275Q 27 inch,4090000,Còn hàng,2024-10-03 02:51:17
Giá treo màn hình máy tính E-Dra EMA7302 (17 - 34 inch),490000,Còn hàng,2024-10-03 02:51:17
Màn hình Philips 24M1N3200ZA 24 inch,2890000,Còn hàng,2024-10-03 02:51:17
Màn hình thông minh Samsung LS32BM700UEXXV 32 inch,6090000,Còn hàng,2024-10-03 02:51:17
Màn hình văn phòng LG 24MR400-B 24 inch,2290000,Còn hàng,2024-10-03 02:51:17
Màn hình LG Gaming 27 inch 27QN600,4690000,Còn hàng,2024-10-03 02:51:17
Màn hình Samsung ViewFinity S9 5K (S90PC) 27 inch,21490000,Còn hàng,2024-10-03 02:51:17
Màn hình văn phòng Dell U2424H 24 inch,5690000,Còn hàng,2024-10-03 02:51:17
Màn hình di động ViewSonic VA1655 15.6 inch,3190000,Còn hàng,2024-10-03 02:51:17
Màn hình ViewSonic Ultrawide VA2932 29 inch,4090000,Còn hàng,2024-10-03 02:51:17
Màn hình Gaming MSI G255F 25 inch,3190000,Còn hàng,2024-10-03 02:51:17
Giá treo màn hình máy tính Human Motion T6 Pro,790000,Còn hàng,2024-10-03 02:51:17
Màn hình Gaming LG UltraGear 34GP63A-B 34 inch,8990000,Còn hàng,2024-10-03 02:51:17
Màn hình Viewsonic VA2708-2K-MHD 27 inch,4190000,Còn hàng,2024-10-03 02:51:17
Màn hình ViewSonic VA2432-H 100Hz 24 inch,2190000,Còn hàng,2024-10-03 02:51:17
Màn hình cong Samsung LS27C360EAEXXV 27 inch,2590000,Còn hàng,2024-10-03 02:51:17
Màn hình Samsung Odyssey G5 LS27CG552 27 inch,4990000,Còn hàng,2024-10-03 02:51:17
Giá treo màn hình máy tính North Bayou F160,590000,Còn hàng,2024-10-03 02:51:17
Màn hình cảm ứng di động ViewSonic TD1655 15.6 inch,6390000,Còn hàng,2024-10-03 02:51:17
Màn hình Gaming E-Dra EGM24F100P 24 inch,1890000,Còn hàng,2024-10-03 02:51:17
Màn hình Gaming MSI G274F 27 inch,4090000,Còn hàng,2024-10-03 02:51:17
Màn hình ViewSonic VA2732-H 100Hz 27 inch,2590000,Còn hàng,2024-10-03 02:51:17
Màn hình mở rộng ASUS MB166C 16 inch,3390000,Còn hàng,2024-10-03 02:51:17
Màn hình Samsung Viewfinity S8 UHD LS32B800PXEXXV 32 inch,8690000,Còn hàng,2024-10-03 02:51:17
Màn hình Dahua LM24-A200Y 24 inch,1690000,Còn hàng,2024-10-03 02:51:17
Màn hình Samsung Odyssey G5 LS32CG552 32 inch,5790000,Còn hàng,2024-10-03 02:51:17
Màn hình Gaming ASUS TUF VG279Q3A 27 inch,4490000,Còn hàng,2024-10-03 02:51:17
Màn hình Gaming LG UltraGear OLED 45GR95QE-B 45 inch,30990000,Còn hàng,2024-10-03 02:51:17
Màn hình ASUS VA24EHF 24 inch,2290000,Còn hàng,2024-10-03 02:51:17
Màn hình cong Gaming ASUS TUF VG34VQL3A 34 inch,8390000,Còn hàng,2024-10-03 02:51:17
Màn hình E-Dra EGM24F100VA 24 inch,1690000,Còn hàng,2024-10-03 02:51:17
Màn hình Gaming ASUS TUF VG27AQ3A 27 inch,6490000,Còn hàng,2024-10-03 02:51:17
Màn hình MSI MP253W 25 inch,2350000,Còn hàng,2024-10-03 02:51:17
Màn hình Xiaomi Monitor 22 inch A22i ELA5230EU,1890000,Còn hàng,2024-10-03 02:51:17
Màn hình Gaming ViewSonic VX3219-2K-PRO-2,7890000,Còn hàng,2024-10-03 02:51:17
Màn hình AOC Q27B3CF2/74 27 inch,4490000,Còn hàng,2024-10-03 02:51:17
Màn hình Gaming ViewSonic VX2528 24.5 inch,3190000,Còn hàng,2024-10-03 02:51:17
Màn hình EDRA EGM25F100P 25 inch,1950000,Còn hàng,2024-10-03 02:51:17
Màn hình Viewsonic VA2406-H 100HZ 24 inch,1990000,Còn hàng,2024-10-03 02:51:17
Màn hình Gaming AOC 24G4E/74 24 inch,3090000,Còn hàng,2024-10-03 02:51:17
Màn hình ASUS ProArt PA279CRV 27 inch,15490000,Còn hàng,2024-10-03 02:51:17
Màn hình ViewSonic VA2432-HW 24 inch,2390000,Còn hàng,2024-10-03 02:51:17
Màn hình thông minh Samsung LS43DM702 43 inch,8990000,Còn hàng,2024-10-03 02:51:17
Màn hình ViewSonic VA2708-4K-MHD 27inch,5390000,Còn hàng,2024-10-03 02:51:17
Màn hình Gaming LG UltraGear 32GR93U 32 inch,15790000,Còn hàng,2024-10-03 02:51:17
Màn hình thông minh LG MyView 25SR50F 25 inch,5090000,Còn hàng,2024-10-03 02:51:17
Màn hình LG 24 inch 24QP550,4390000,Còn hàng,2024-10-03 02:51:17
Màn hình Gaming LG UltraGear 24GS60F-B 24 inch,3790000,Còn hàng,2024-10-03 02:51:17
Màn hình Gaming LG 32UR500 32 inch,6990000,Còn hàng,2024-10-03 02:51:17
Màn hình di động AOC 16T10 15.6 inch,3190000,Còn hàng,2024-10-03 02:51:17
Màn hình Gaming E-Dra EGM27Q100PR 27 inch,3590000,Còn hàng,2024-10-03 02:51:17
Màn hình Gaming ASRock Challenger CL25FF 24.5 inch,1990000,Còn hàng,2024-10-03 02:51:17
Màn hình Asus ProArt PA278QEV 27 inch,7490000,Còn hàng,2024-10-03 02:51:17
Màn hình cong Gaming Asus TUF VG34VQ3B 34 inch,8390000,Còn hàng,2024-10-03 02:51:17
Màn hình ViewSonic VX3276-2K-MHD-2 32 inch,5790000,Còn hàng,2024-10-03 02:51:17
Giá treo màn hình máy tính Human Motion T9 Pro Gen 2,1890000,Còn hàng,2024-10-03 02:51:17
Giá treo màn hình máy tính North Bayou G45 (22 - 40 inch),450000,Còn hàng,2024-10-03 02:51:17
Màn hình Gaming LG OLED 27GS95QE-B 27 inch,19590000,Còn hàng,2024-10-03 02:51:17
Màn hình đồ họa ASUS ProArt PA247CV 23.8 inch,5290000,Còn hàng,2024-10-03 02:51:17
Giá treo màn hình máy tính North Bayou P160 Dual 17 - 27 inch,590000,Còn hàng,2024-10-03 02:51:17
Màn hình AOC 27B3CA2/74 27 inch,2950000,Còn hàng,2024-10-03 02:51:17
Màn hình Gaming Samsung Odyssey OLED G8 LS32DG802 32 inch,25990000,Còn hàng,2024-10-03 02:51:17
Màn hình ViewSonic VA2732-HW 27 inch,2790000,Còn hàng,2024-10-03 02:51:17
Màn hình Gaming LG UltraGear 27GR93U 27 inch,12790000,Còn hàng,2024-10-03 02:51:17
Màn hình Samsung 27 inch LF27T450FQEXXV,3090000,Còn hàng,2024-10-03 02:51:17
Màn hình E-Dra EGM27F100H 27 inch,2290000,Còn hàng,2024-10-03 02:51:17
Màn hình AOC 24B3CA2/74 24 inch,2790000,Còn hàng,2024-10-03 02:51:17
Màn hình Gaming Samsung Odyssey LS27DG502EEXXV,6590000,Còn hàng,2024-10-03 02:51:17
Giá treo màn hình HyperWork P1 Dual 22-34 inch,1050000,Còn hàng,2024-10-03 02:51:17
Màn hình Gaming ViewSonic VX2728J-2K 27 inch,5890000,Còn hàng,2024-10-03 02:51:17
Màn hình di động ViewSonic VG1655 15.6 inch,4990000,Còn hàng,2024-10-03 02:51:17
Màn hình HKC MB24V13 24 inch,1790000,Còn hàng,2024-10-03 02:51:17
Màn hình thông minh Samsung LS32DM700 32 inch,7490000,Còn hàng,2024-10-03 02:51:17
Màn hình Gaming Asus ROG Strix XG27ACS 27 inch,7890000,Còn hàng,2024-10-03 02:51:17
Màn hình ViewSonic VA2209-H-2 22 inch,1850000,Còn hàng,2024-10-03 02:51:17
Màn hình Gaming ViewSonic VX2779-HD-PRO 27 inch,3790000,Còn hàng,2024-10-03 02:51:17
Màn hình Gaming ASUS VY249HF 24 inch,2490000,Còn hàng,2024-10-03 02:51:17
Màn hình Gaming ViewSonic VX2479-HD-PRO 24 inch,2890000,Còn hàng,2024-10-03 02:51:17
Màn hình ViewSonic VA3209-2K-MHD 32 inch,5190000,Còn hàng,2024-10-03 02:51:17
Giá treo màn hình máy tính Human Motion T6 Pro Dual,1150000,Còn hàng,2024-10-03 02:51:17
Màn hình E-Dra EGM24F100H 24 inch,1890000,Còn hàng,2024-10-03 02:51:17
Màn hình Samsung Viewfinity S7 LS27D700 27 inch,6790000,Còn hàng,2024-10-03 02:51:17
Màn hình đồ họa ASUS ProArt PA279CV-J 27 inch,11690000,Còn hàng,2024-10-03 02:51:17
Màn hình ASUS VU249CFE-M 24 inch,3190000,Còn hàng,2024-10-03 02:51:17
Màn hình đồ họa ASUS ProArt PA329CRV 32 inch,23490000,Còn hàng,2024-10-03 02:51:17
Màn hình Gaming Acer Nitro KG240Y M5 24 inch,3090000,Còn hàng,2024-10-03 02:51:17
Màn hình Gaming Asus TUF VG27AQL3A-W 27 inch,7490000,Còn hàng,2024-10-03 02:51:17
Màn hình Asrock Challenger CL27FF 27 inch,2490000,Còn hàng,2024-10-03 02:51:17
Màn hình Acer K243Y E 24 inch,2190000,Còn hàng,2024-10-03 02:51:17
Màn hình đồ họa ASUS ProArt PA279CV,11990000,Còn hàng,2024-10-03 02:51:17
Màn hình AOC 27V2Q 27 inch,2890000,Còn hàng,2024-10-03 02:51:17
Màn hình Samsung ViewFinity S8 LS27D804 27 inch,7590000,Còn hàng,2024-10-03 02:51:17
Màn hình Gaming ViewSonic VX2528J 24.5 inch,3590000,Còn hàng,2024-10-03 02:51:17
Màn hình Acer K273 E 27 inch,2790000,Còn hàng,2024-10-03 02:51:17
Màn hình Gaming AOC Agon AG275QXE/74 27 inch,7790000,Còn hàng,2024-10-03 02:51:17
Màn hình Philips 27E1N33000A 27 inch,3190000,Còn hàng,2024-10-03 02:51:17
Giá treo màn hình máy tính Human Motion T9 Pro Gen 2 RGB,2450000,Còn hàng,2024-10-03 02:51:17
Giá treo màn hình máy tính Human Motion T9 Pro Gen 2 Dual,2550000,Còn hàng,2024-10-03 02:51:17
Giá treo màn hình máy tính North Bayou G40,690000,Còn hàng,2024-10-03 02:51:17
Giá treo màn hình AOC AM400G (17-34 inch),839000,Còn hàng,2024-10-03 02:51:17
Màn hình HP E24MV G4 169L0AA 23.8 inch,4990000,Còn hàng,2024-10-03 02:51:17
Giá treo màn hình Hyperwork Alpha GMA1,890000,Còn hàng,2024-10-03 02:51:17
Giá treo màn hình máy tính North Bayou NB45,1990000,Còn hàng,2024-10-03 02:51:17
Màn hình Philips 24E1N33000A 24 inch,2890000,Còn hàng,2024-10-03 02:51:17
Màn hình ASUS VU279CFE-B 27 inch,3990000,Còn hàng,2024-10-03 02:51:17
Màn hình ASUS VU249CFE-B 24 inch,3190000,Còn hàng,2024-10-03 02:51:17
Giá treo màn hình HyperWork VisionX VS01 22 - 43 inch,3890000,Còn hàng,2024-10-03 02:51:17
Màn hình Samsung 24 inch LF24T350F,4789000,Còn hàng,2024-10-03 02:51:17
Giá treo màn hình máy tính North Bayou G35 Dual,950000,Còn hàng,2024-10-03 02:51:17
Giá treo màn hình máy tính North Bayou G32 Dual,950000,Còn hàng,2024-10-03 02:51:17
Màn hình Xiaomi A24I 24 inch,2190000,Còn hàng,2024-10-03 02:51:17
Màn hình cong Ultrawide Xiaomi Curved Gaming 34 inch,6990000,Còn hàng,2024-10-03 02:51:17
Màn hình Samsung LU28R550UQEXXV 28 inch,5390000,Còn hàng,2024-10-03 02:51:17
Màn hình cong Samsung LS24C366EAEXXV 24 inch,2390000,Còn hàng,2024-10-03 02:51:17
Màn hình LG Gaming 24 inch 24MP500,2290000,Còn hàng,2024-10-03 02:51:17
Màn hình đồ hoạ LG 32 inch 32UN880,10990000,Còn hàng,2024-10-03 02:51:17
Màn hình Dell Ultrasharp U2722D 27,9990000,Còn hàng,2024-10-03 02:51:17
Màn hình mở rộng LG Gram + View 16MR70.ASDA5 16 inch,7490000,Còn hàng,2024-10-03 02:51:17
Màn hình AOC 27B1H 27 inch,2390000,Còn hàng,2024-10-03 02:51:17
Màn hình MSI Pro MP223 22 inch,1590000,Còn hàng,2024-10-03 02:51:17
Màn hình Dell S2721QS 27,7590000,Còn hàng,2024-10-03 02:51:17
Màn hình ASUS VA27EHF 27 inch,2990000,Còn hàng,2024-10-03 02:51:17
Giá treo màn hình máy tính Human Motion T6,650000,Còn hàng,2024-10-03 02:51:17
Màn hình LG 27MS500-B 27 inch,2690000,Còn hàng,2024-10-03 02:51:17
Màn hình thông minh Samsung LS32CM501EEXXV 32 inch,4490000,Còn hàng,2024-10-03 02:51:17
Màn hình ViewSonic  VX2780-2K-SHDJ 27 inch,5090000,Còn hàng,2024-10-03 02:51:17
Màn hình LG UltraWide 29WP500 29 inch,6990000,Còn hàng,2024-10-03 02:51:17
Màn hình Gaming Acer Nitro KG270 M5 27 inch,3590000,Còn hàng,2024-10-03 02:51:17
Màn hình Gaming LG 27MP60G 27 inch,3290000,Còn hàng,2024-10-03 02:51:17
Màn hình HKC MB24V9 24 inch,1990000,Còn hàng,2024-10-03 02:51:17
Màn hình Philips 221V8L 22 inch,1690000,Còn hàng,2024-10-03 02:51:17
Màn hình văn phòng MSI Pro MP251 25 inch,2290000,Còn hàng,2024-10-03 02:51:17
Màn hình Dell Ultrasharp U2724DE 27 inch,Giá Liên Hệ,Hết hàng,2024-10-03 02:51:17
Màn hình Gaming Philips 27M1N3200ZA 27 inch,3990000,Còn hàng,2024-10-03 02:51:17
Giá treo màn hình AOC AM400B (17-34 inch),839000,Còn hàng,2024-10-03 02:51:17
Màn hình AOC 24E3H2/74 24 inch,Giá Liên Hệ,Hết hàng,2024-10-03 02:51:17
Màn hình Asus TUF Gaming VG279Q1A 27 inch,3990000,Còn hàng,2024-10-03 02:51:17
Màn hình văn phòng Dell U2424HE 24 inch,Giá Liên Hệ,Hết hàng,2024-10-03 02:51:17
Màn hình MSI Pro MP275 27 inch,2890000,Còn hàng,2024-10-03 02:51:17
Giá treo màn hình máy tính North Bayou F150,490000,Còn hàng,2024-10-03 02:51:17
Giá treo màn hình AOC AM400S (17-34 inch),839000,Còn hàng,2024-10-03 02:51:17
Màn hình MSI Modern MD271UL 27 inch,Giá Liên Hệ,Hết hàng,2024-10-03 02:51:17
Giá treo màn hình AOC AM400W (17-34 inch),839000,Còn hàng,2024-10-03 02:51:17
Màn hình MSI Gaming G274QPF E2 27 inch,Giá Liên Hệ,Hết hàng,2024-10-03 02:51:17
Giá treo màn hình máy tính E-Dra EAM7301 (15-29 inch),590000,Còn hàng,2024-10-03 02:51:17
Màn hình Gaming ASUS VY279HF 27 inch,3090000,Còn hàng,2024-10-03 02:51:17
Giá treo màn hình AOC AM400P (17-34 inch),839000,Còn hàng,2024-10-03 02:51:17
Màn hình Samsung Viewfinity S6 LS27D604 27 inch,6990000,Còn hàng,2024-10-03 02:51:17
Màn hình Gaming Gigabyte M34WQ 34 inch,13500000,Còn hàng,2024-10-03 02:51:17
Màn hình cong Gaming Dell Alienware AW3423DW 34 inch,39990000,Còn hàng,2024-10-03 02:51:17
Màn hình AOC Q27B3S2/74 27 inch,Giá Liên Hệ,Hết hàng,2024-10-03 02:51:17
Màn hình Gaming E-DRA EGM27F2 27 inch,3390000,Còn hàng,2024-10-03 02:51:17
Màn hình Gaming AOC 24G2SP 24 inch,4690000,Còn hàng,2024-10-03 02:51:17
Màn hình Lenovo D24-40 67A2KAC6VN 24 inch,2990000,Còn hàng,2024-10-03 02:51:17
Màn hình Gaming AOC 27G4/74 27 inch,Giá Liên Hệ,Hết hàng,2024-10-03 02:51:17
Màn hình Gaming AOC G2790VX 27 inch,4990000,Còn hàng,2024-10-03 02:51:17
Màn hình cong Philips Evnia OLED 34M2C8600 34 inch,32900000,Còn hàng,2024-10-03 02:51:17
Màn hình Asus Proart PA248QV-P 24 inch,4990000,Còn hàng,2024-10-03 02:51:17
Màn hình văn phòng LG 22MR410-B 22 inch,1990000,Còn hàng,2024-10-03 02:51:17
Màn hình AOC 22B1HS 22 inch,2990000,Còn hàng,2024-10-03 02:51:17
Màn hình cong Gaming AOC CQ27G2 27 inch,4990000,Còn hàng,2024-10-03 02:51:17
Màn hình AOC 27E3H2/74 27 inch,Giá Liên Hệ,Hết hàng,2024-10-03 02:51:17
Màn hình MSI Modern MD271CP 27 inch,Giá Liên Hệ,Hết hàng,2024-10-03 02:51:17
Màn hình ASUS VU279CFE-M 27 inch,3990000,Còn hàng,2024-10-03 02:51:17
Màn hình Lenovo L24I-4A 24 inch 67BCKAC6VN,2690000,Còn hàng,2024-10-03 02:51:17
Màn hình Gaming AOC G2490VX 24 inch,4490000,Còn hàng,2024-10-03 02:51:17
Màn hình Dell UltraSharp 43 inch,24490000,Còn hàng,2024-10-03 02:51:17
Màn hình Gaming Gigabyte M27Q 2.0 27 inch,9900000,Còn hàng,2024-10-03 02:51:17
Màn hình cong Gaming AOC C32G3E 32 inch,7490000,Còn hàng,2024-10-03 02:51:17
Màn hình Gaming Lenovo G24-20 66CFGAC1VN 24 inch,4790000,Còn hàng,2024-10-03 02:51:17
Màn hình Gaming ASUS VY279HGE 27 inch,Giá Liên Hệ,Hết hàng,2024-10-03 02:51:17
Màn hình ViewSonic VA2409-H 24 inch,2590000,Còn hàng,2024-10-03 02:51:17
Màn hình HKC MG27T3Q 27 inch,5990000,Còn hàng,2024-10-03 02:51:17
Màn hình MSI Modern MD272QP Ultramarine 27 inch,Giá Liên Hệ,Hết hàng,2024-10-03 02:51:17
Màn hình Asus VZ279HE-J 27 inch,Giá Liên Hệ,Hết hàng,2024-10-03 02:51:17
Màn hình AOC 24V5/BK 24 inch,Giá Liên Hệ,Hết hàng,2024-10-03 02:51:17
Màn hình Gaming E-Dra EGM27F75 27 inch,Giá Liên Hệ,Hết hàng,2024-10-03 02:51:17
Màn hình cong Gaming Gigabyte M32QC 32 inch,9950000,Còn hàng,2024-10-03 02:51:17
Màn hình cong Gaming Gigabyte G34WQC A 34 inch,10800000,Còn hàng,2024-10-03 02:51:17
Màn hình ViewSonic VA2715-H 27 inch,Giá Liên Hệ,Hết hàng,2024-10-03 02:51:17
Màn hình Gaming E-Dra EGM27F1s 27 inch,Giá Liên Hệ,Hết hàng,2024-10-03 02:51:17
Màn hình Lenovo Q27h-20 66EDUAC1VN 27 inch,8590000,Còn hàng,2024-10-03 02:51:17
Màn hình Dell E2222H 22 inch,2690000,Còn hàng,2024-10-03 02:51:17
Màn hình văn phòng MSI Pro MP161 15.6 Inch,Giá Liên Hệ,Hết hàng,2024-10-03 02:51:17
Màn hình lập trình BenQ GW2485TC 23.8 inch,Giá Liên Hệ,Hết hàng,2024-10-03 02:51:17
Màn hình mở rộng ASUS MB16AH 16 inch,Giá Liên Hệ,Hết hàng,2024-10-03 02:51:17
Màn hình AOC 24B1XH5 24 inch,3490000,Còn hàng,2024-10-03 02:51:17
Màn hình Gaming E-Dra EGM27C240s 27 inch,Giá Liên Hệ,Hết hàng,2024-10-03 02:51:17
Màn hình Gaming E-Dra EGM27C240 27 inch,Giá Liên Hệ,Hết hàng,2024-10-03 02:51:17
Màn hình Gaming E-Dra EGM24F100s 24 inch,Giá Liên Hệ,Hết hàng,2024-10-03 02:51:17
Màn hình lập trình BenQ GW2790QT 27 inch,Giá Liên Hệ,Hết hàng,2024-10-03 02:51:17
Màn hình Viewsonic VP2458 60Hz 24 inch,Giá Liên Hệ,Hết hàng,2024-10-03 02:51:17
Màn hình LG 25MS500-B 25 inch,Giá Liên Hệ,Hết hàng,2024-10-03 02:51:17
Màn hình LG 25MS550-B 25 inch,Giá Liên Hệ,Hết hàng,2024-10-03 02:51:17
Giá treo màn hình AOC AM400C (17-34 inch),839000,Còn hàng,2024-10-03 02:51:17
Màn hình Gaming Xiaomi G24I 24 inch,2790000,Còn hàng,2024-10-03 02:51:17
Màn hình Gaming Xiaomi G Pro 27i Mini LED 27 inch,8490000,Còn hàng,2024-10-03 02:51:17
Màn hình Lenovo L27Q-4A 27 inch 67BFGAC6VN,4990000,Còn hàng,2024-10-03 02:51:17
Màn hình cong Gaming Gigabyte G32QC A-EK 32 inch,6990000,Còn hàng,2024-10-03 02:51:17
Màn hình Lenovo L22I-4A 22 inch 67AEKACBVN,Giá Liên Hệ,Hết hàng,2024-10-03 02:51:17
Màn hình Samsung ViewFinity LS32D604 32 inch,7990000,Còn hàng,2024-10-03 02:51:17
Màn hình Gaming ViewSonic VX2728 27 inch,Giá Liên Hệ,Hết hàng,2024-10-03 02:51:17
Màn hình Gaming ViewSonic VX2479-HD-PRO 180HZ 24 inch,Giá Liên Hệ,Hết hàng,2024-10-03 02:51:17
Màn hình cong ViewSonic VX3418-2KPC 34 inch,Giá Liên Hệ,Hết hàng,2024-10-03 02:51:17
Màn hình ViewSonic VA3209-MH 32 inch,Giá Liên Hệ,Hết hàng,2024-10-03 02:51:17
Màn hình Philips 243V7 24 inch,Giá Liên Hệ,Hết hàng,2024-10-03 02:51:17
Màn hình Lenovo L22e-30 66CBKAC1VN 22 inch,2890000,Còn hàng,2024-10-03 02:51:17
Màn hình Lenovo L27e-30 66BEKAC2VN 27 inch,4790000,Còn hàng,2024-10-03 02:51:17
"Giá treo màn hình máy tính North Bayou F80 (17- 30"")",Giá Liên Hệ,Hết hàng,2024-10-03 02:51:17
"Giá treo màn hình Hyperwork VisionX - VS01 22-43""",Giá Liên Hệ,Hết hàng,2024-10-03 02:51:17
Màn hình Gaming ViewSonic VX2728-2K 27 inch,Giá Liên Hệ,Hết hàng,2024-10-03 02:51:17
Màn hình Gaming Acer KA272,Giá Liên Hệ,Hết hàng,2024-10-03 02:51:17
Giá treo màn hình AOC AM400L (17-34 inch),839000,Còn hàng,2024-10-03 02:51:17
Màn hình Gaming Xiaomi G27QI 27 inch,4590000,Còn hàng,2024-10-03 02:51:17
Màn hình Gaming ASUS ROG Swift OLED PG32UCDP 32 inch,39890000,Còn hàng,2024-10-03 02:51:17
Màn hình Gaming Samsung Odyssey OLED G9 LS49CG954SEXXV 49 inch,32990000,Còn hàng,2024-10-03 02:51:17
Màn hình thông minh Samsung LS32DM500EEXXV 32 inch,5990000,Còn hàng,2024-10-03 02:51:17
Màn hình Gaming AOC AG275QXL 27 inch,11990000,Còn hàng,2024-10-03 02:51:17
Màn hình cong Gaming Gigabyte G27FC A 27 inch,5700000,Còn hàng,2024-10-03 02:51:17
Màn hình Gaming Samsung Odessey G9 LS49CG954EEXXV 49 inch,23990000,Còn hàng,2024-10-03 02:51:17
